mAP50,mAP50_95,precision,recall,degradation,label,level,value,unit,lap_var,entropy,brightness,contrast,clip_low,clip_high,blur_health,exposure_health,entropy_health,health,mean_conf,mean_boxes
0.3615745349756577,0.23400175787153552,0.5525366407159088,0.34553545424475396,clean,Clean,0,0.0,-,615.4932085184,7.438291495641073,0.3754191008603962,0.2669585706433342,0.03661472981770834,0.02266575520833334,1.0,0.7917107656699182,1.0,0.930570255223306,0.9406517711281777,4.36
0.46565644880804596,0.32033858040951846,0.8256949470703081,0.4135761931000651,blur_sigma,Gaussian blur,0,0.0,sigma,616.0008952984109,7.441050472259522,0.3754196497140523,0.2668968750015425,0.03626720377604166,0.022343636067708336,1.0,0.7922755437698338,1.0,0.9307585145899445,0.9405713656544685,4.37
0.5211148700247439,0.3415499121505791,0.8812795333892467,0.39433291077853055,blur_sigma,Gaussian blur,1,1.0,sigma,55.063312469290615,7.4511352634429935,0.3754104847069036,0.2620480655773845,0.03153797200520833,0.019702555338541664,0.08946209593739897,0.7984581575791772,1.0,0.629306751172192,0.9530309031204302,4.17
0.3881599895582056,0.2668540488392154,0.830658079661216,0.35146812599606536,blur_sigma,Gaussian blur,2,2.0,sigma,9.444507677929996,7.459955031077067,0.37541338867187496,0.25689650480318144,0.02691593424479167,0.01688681640625,0.015344617206523824,0.80472412073126,1.0,0.6066895793125946,0.9440474789969775,4.06
0.2981563373746167,0.20323793943404708,0.6826206568204483,0.29527348405616066,blur_sigma,Gaussian blur,3,3.5,sigma,3.1336747110330263,7.464331518809001,0.3754179548355801,0.25071375719806166,0.021926155598958334,0.014071484375,0.005091322971014303,0.8113030642463996,1.0,0.605464795739138,0.9028605905671915,3.15
0.2230282933035104,0.15068430044211262,0.6243547511445203,0.2050687693775262,blur_sigma,Gaussian blur,4,5.5,sigma,2.0241142022945486,7.461589940388998,0.37542174836601305,0.2442128614587238,0.017385156250000002,0.011849462890624999,0.0032886052588085354,0.8170033935859334,1.0,0.606763999614914,0.8868582111396147,1.72
0.46565644880804596,0.32033858040951846,0.8256949470703081,0.4135761931000651,motion_blur,Motion blur,0,1.0,kernel,616.0008952984109,7.441050472259522,0.3754196497140523,0.2668968750015425,0.03626720377604166,0.022343636067708336,1.0,0.7922755437698338,1.0,0.9307585145899445,0.9405713656544685,4.37
0.5164245151710081,0.3357767856406051,0.8195213326896813,0.4295465352565823,motion_blur,Motion blur,1,3.0,kernel,215.69618586880594,7.446563733418783,0.3754104974085989,0.2645617788886047,0.03373323567708333,0.021332958984374997,0.3504444612606278,0.7952385757640016,1.0,0.7152276790082098,0.9449852698981159,4.24
0.36050272218992074,0.25395613538351797,0.7493797144470314,0.3711183597099653,motion_blur,Motion blur,2,7.0,kernel,105.10239242920238,7.455232871373495,0.3754108198657066,0.26055094858769573,0.029894124348958336,0.019541064453124996,0.17076125451034993,0.7999782389274555,1.0,0.6569131644792684,0.9219821335709825,3.59
0.28084904025348756,0.19693659607912492,0.6951139452010137,0.2765378597433721,motion_blur,Motion blur,3,11.0,kernel,72.11794797346293,7.461171445846557,0.37541367908752044,0.2572669081281917,0.026998844401041666,0.018040218098958335,0.11717098901393805,0.8036843017229082,1.0,0.6402850969122821,0.8817141009494662,2.75
0.21056847830154185,0.14544927534293386,0.8076895384302786,0.19062671781530868,motion_blur,Motion blur,4,15.0,kernel,55.84970515714495,7.465379972457885,0.3754173974290237,0.25445002519735105,0.024654248046875004,0.016796598307291667,0.09073975859390061,0.8067124083331874,1.0,0.6324840556423627,0.8377422137392891,2.13
0.46565644880804596,0.32033858040951846,0.8256949470703081,0.4135761931000651,expo_dark,Underexposure,0,1.0,gamma,616.0008952984109,7.441050472259522,0.3754196497140523,0.2668968750015425,0.03626720377604166,0.022343636067708336,1.0,0.7922755437698338,1.0,0.9307585145899445,0.9405713656544685,4.37
0.4697803396999349,0.3217746047260382,0.8352306415600164,0.40737150234740294,expo_dark,Underexposure,1,1.4,gamma,611.909110773229,7.145762720108032,0.29197720135059235,0.2651697956768699,0.10128362630208332,0.019873486328125,0.9941768687362147,0.5433695417691883,0.9606725851353815,0.8327396652135949,0.9487683389868055,4.37
0.424163616070991,0.293409329598013,0.8033443701995631,0.41260419633034506,expo_dark,Underexposure,2,1.9,gamma,594.8622138714602,6.664735981623331,0.2285701475694444,0.2529422249671658,0.23735037434895834,0.018169042968749997,0.9664805486698996,0.3283515849899802,0.8960036031834657,0.7302785789477818,0.9542543931553761,4.16
0.3776149212823657,0.26126370404731564,0.8102253860065731,0.31544873374537247,expo_dark,Underexposure,3,2.5,gamma,571.9349614670102,6.039848585128784,0.18160334552440768,0.23528717984328282,0.36524773763020835,0.016694514973958335,0.9292303368281802,0.20037229724513048,0.8119940699646158,0.6471989013459755,0.9479502576092879,3.71
0.3301400808747381,0.2257921439437432,0.7644804258646822,0.28778548949483457,expo_dark,Underexposure,4,3.2,gamma,550.3850888876891,5.372919321060181,0.14706825756995506,0.2163007219606773,0.49905068359375,0.015517724609374997,0.894217972303159,0.12163555522383165,0.7223324501612737,0.5793953258960881,0.9417741425493931,3.36
0.46565644880804596,0.32033858040951846,0.8256949470703081,0.4135761931000651,expo_bright,Overexposure,0,1.0,gamma,616.0008952984109,7.441050472259522,0.3754196497140523,0.2668968750015425,0.03626720377604166,0.022343636067708336,1.0,0.7922755437698338,1.0,0.9307585145899445,0.9405713656544685,4.37
0.44669215643153265,0.3075763748765977,0.8393066982599151,0.4103332283591169,expo_bright,Overexposure,1,0.8,gamma,608.3291578507338,7.514284871419271,0.43208078201593136,0.2608056678023226,0.023908007812500003,0.023337044270833336,0.988360471620944,0.9051511563611322,1.0,0.9645038759940254,0.9433622485399247,4.34
0.4345051280083848,0.29758652608291114,0.8217967702742001,0.4126278814412283,expo_bright,Overexposure,2,0.65,gamma,597.6310724718867,7.522119121551514,0.48812293077256946,0.25057303743637216,0.013174690755208331,0.024782763671875,0.9709791500551068,0.9605358343060161,1.0,0.9771716614537076,0.9421212941408157,4.3
0.43045002808334804,0.2931718545947927,0.8135407949886247,0.4241331857336622,expo_bright,Overexposure,3,0.5,gamma,582.4339123798799,7.457667420705159,0.5579052602890114,0.2324708583270589,0.008873779296875,0.026440543619791666,0.9462881219792828,0.9294068216844957,1.0,0.9585649812212594,0.9416388219594956,4.28
0.4238747816626235,0.29043376171401486,0.7938251817782069,0.4153260089071187,expo_bright,Overexposure,4,0.4,gamma,578.8607892691458,7.348787291844686,0.61496678296058,0.2140296614862001,0.0074827962239583335,0.02862234700520834,0.9404828213499953,0.8322414892490962,0.9879671018742896,0.9202304708244604,0.9369584274291992,4.18
0.46565644880804596,0.32033858040951846,0.8256949470703081,0.4135761931000651,gauss_noise,Sensor noise,0,0.0,sigma,616.0008952984109,7.441050472259522,0.3754196497140523,0.2668968750015425,0.03626720377604166,0.022343636067708336,1.0,0.7922755437698338,1.0,0.9307585145899445,0.9405713656544685,4.37
0.4536428830662246,0.3109847364081937,0.8067375713857949,0.3899869716801285,gauss_noise,Sensor noise,1,5.0,sigma,875.2353688534624,7.505838890075683,0.3735491675602533,0.26654014901814416,0.036950390625,0.01898583984375,1.0,0.7903920808137497,1.0,0.9301306936045832,0.9405583389026603,3.84
0.33502875225304557,0.23147481907549608,0.7268188547758485,0.3001313196248281,gauss_noise,Sensor noise,2,10.0,sigma,1564.9499424747648,7.562719071706136,0.3737914917151756,0.2663082154890832,0.033730224609375005,0.014503759765625,1.0,0.7973828413067043,1.0,0.9324609471022347,0.7878738828412779,3.05
0.2033181276564289,0.12824024845277907,0.6350189435795978,0.17187292189048062,gauss_noise,Sensor noise,3,20.0,sigma,3866.1346966608194,7.645418485005696,0.3751714935023489,0.26607515062853065,0.03249064127604167,0.010934733072916668,1.0,0.8045022299600344,1.0,0.9348340766533448,0.665009508728981,1.0
0.08615683600437157,0.0556313352312304,0.5550416243403353,0.06666819336528884,gauss_noise,Sensor noise,4,35.0,sigma,9475.394930780501,7.735299485524496,0.3792033682470383,0.2660075178666602,0.032022493489583324,0.008888313802083334,1.0,0.8155417968744318,1.0,0.9385139322914773,0.6191698748331803,0.24
