degradation,label,level,value,unit,n_val_images,mAP50,mAP50_vs_baseline_pct,mAP50_95,precision,recall,mean_conf,mean_boxes,health,health_vs_baseline_pct,blur_health,exposure_health,entropy_health,lap_var,brightness,contrast,clip_low,clip_high
clean,Clean,0,0.0,-,1980,0.362,,0.234,0.553,0.346,0.941,4.36,0.931,,1.0,0.792,1.0,615.493,0.375,0.267,0.037,0.023
blur_sigma,Gaussian blur,0,0.0,sigma,200,0.466,100.0,0.32,0.826,0.414,0.941,4.37,0.931,100.0,1.0,0.792,1.0,616.001,0.375,0.267,0.036,0.022
blur_sigma,Gaussian blur,1,1.0,sigma,200,0.521,111.8,0.342,0.881,0.394,0.953,4.17,0.629,67.6,0.089,0.798,1.0,55.063,0.375,0.262,0.032,0.02
blur_sigma,Gaussian blur,2,2.0,sigma,200,0.388,83.3,0.267,0.831,0.351,0.944,4.06,0.607,65.2,0.015,0.805,1.0,9.445,0.375,0.257,0.027,0.017
blur_sigma,Gaussian blur,3,3.5,sigma,200,0.298,63.9,0.203,0.683,0.295,0.903,3.15,0.605,65.0,0.005,0.811,1.0,3.134,0.375,0.251,0.022,0.014
blur_sigma,Gaussian blur,4,5.5,sigma,200,0.223,47.9,0.151,0.624,0.205,0.887,1.72,0.607,65.2,0.003,0.817,1.0,2.024,0.375,0.244,0.017,0.012
motion_blur,Motion blur,0,1.0,kernel,200,0.466,100.0,0.32,0.826,0.414,0.941,4.37,0.931,100.0,1.0,0.792,1.0,616.001,0.375,0.267,0.036,0.022
motion_blur,Motion blur,1,3.0,kernel,200,0.516,110.7,0.336,0.82,0.43,0.945,4.24,0.715,76.8,0.35,0.795,1.0,215.696,0.375,0.265,0.034,0.021
motion_blur,Motion blur,2,7.0,kernel,200,0.361,77.5,0.254,0.749,0.371,0.922,3.59,0.657,70.6,0.171,0.8,1.0,105.102,0.375,0.261,0.03,0.02
motion_blur,Motion blur,3,11.0,kernel,200,0.281,60.3,0.197,0.695,0.277,0.882,2.75,0.64,68.7,0.117,0.804,1.0,72.118,0.375,0.257,0.027,0.018
motion_blur,Motion blur,4,15.0,kernel,200,0.211,45.3,0.145,0.808,0.191,0.838,2.13,0.632,67.9,0.091,0.807,1.0,55.85,0.375,0.254,0.025,0.017
expo_dark,Underexposure,0,1.0,gamma,200,0.466,100.0,0.32,0.826,0.414,0.941,4.37,0.931,100.0,1.0,0.792,1.0,616.001,0.375,0.267,0.036,0.022
expo_dark,Underexposure,1,1.4,gamma,200,0.47,100.9,0.322,0.835,0.407,0.949,4.37,0.833,89.5,0.994,0.543,0.961,611.909,0.292,0.265,0.101,0.02
expo_dark,Underexposure,2,1.9,gamma,200,0.424,91.0,0.293,0.803,0.413,0.954,4.16,0.73,78.4,0.966,0.328,0.896,594.862,0.229,0.253,0.237,0.018
expo_dark,Underexposure,3,2.5,gamma,200,0.378,81.1,0.261,0.81,0.315,0.948,3.71,0.647,69.5,0.929,0.2,0.812,571.935,0.182,0.235,0.365,0.017
expo_dark,Underexposure,4,3.2,gamma,200,0.33,70.8,0.226,0.764,0.288,0.942,3.36,0.579,62.2,0.894,0.122,0.722,550.385,0.147,0.216,0.499,0.016
expo_bright,Overexposure,0,1.0,gamma,200,0.466,100.0,0.32,0.826,0.414,0.941,4.37,0.931,100.0,1.0,0.792,1.0,616.001,0.375,0.267,0.036,0.022
expo_bright,Overexposure,1,0.8,gamma,200,0.447,95.9,0.308,0.839,0.41,0.943,4.34,0.965,103.7,0.988,0.905,1.0,608.329,0.432,0.261,0.024,0.023
expo_bright,Overexposure,2,0.65,gamma,200,0.435,93.3,0.298,0.822,0.413,0.942,4.3,0.977,104.9,0.971,0.961,1.0,597.631,0.488,0.251,0.013,0.025
expo_bright,Overexposure,3,0.5,gamma,200,0.43,92.3,0.293,0.814,0.424,0.942,4.28,0.959,103.0,0.946,0.929,1.0,582.434,0.558,0.232,0.009,0.026
expo_bright,Overexposure,4,0.4,gamma,200,0.424,91.0,0.29,0.794,0.415,0.937,4.18,0.92,98.8,0.94,0.832,0.988,578.861,0.615,0.214,0.007,0.029
gauss_noise,Sensor noise,0,0.0,sigma,200,0.466,100.0,0.32,0.826,0.414,0.941,4.37,0.931,100.0,1.0,0.792,1.0,616.001,0.375,0.267,0.036,0.022
gauss_noise,Sensor noise,1,5.0,sigma,200,0.454,97.4,0.311,0.807,0.39,0.941,3.84,0.93,99.9,1.0,0.79,1.0,875.235,0.374,0.267,0.037,0.019
gauss_noise,Sensor noise,2,10.0,sigma,200,0.335,71.9,0.231,0.727,0.3,0.788,3.05,0.932,100.1,1.0,0.797,1.0,1564.95,0.374,0.266,0.034,0.015
gauss_noise,Sensor noise,3,20.0,sigma,200,0.203,43.6,0.128,0.635,0.172,0.665,1.0,0.935,100.4,1.0,0.805,1.0,3866.135,0.375,0.266,0.032,0.011
gauss_noise,Sensor noise,4,35.0,sigma,200,0.086,18.5,0.056,0.555,0.067,0.619,0.24,0.939,100.9,1.0,0.816,1.0,9475.395,0.379,0.266,0.032,0.009
